{"memberId":12562587412587,"memberAge":25,"memberFullName":"John Doe","gender":"Male","state":"NY","medicalPaidAmount":124589.36598777,"pharmacyPaidAmount":897965465.2165499,"totalPaidAmount":898090054.583,"monthlyData":{"jan":{"medicalPaidAmount":98798.654645,"pharmacyPaidAmount":6549.35465},"feb":{"medicalPaidAmount":564.654645,"pharmacyPaidAmount":68798.35465},"mar":{"medicalPaidAmount":9874.654645,"pharmacyPaidAmount":235498.35465},"apr":{"medicalPaidAmount":32165.654645,"pharmacyPaidAmount":8973.35465},"may":{"medicalPaidAmount":98798.654645,"pharmacyPaidAmount":6549.35465},"jun":{"medicalPaidAmount":2341.654645,"pharmacyPaidAmount":365548.35465},"jul":{"medicalPaidAmount":12344.654645,"pharmacyPaidAmount":124545.35465},"aug":{"medicalPaidAmount":563.654645,"pharmacyPaidAmount":3548.35465},"sep":{"medicalPaidAmount":7896.654645,"pharmacyPaidAmount":1957.35465},"oct":{"medicalPaidAmount":3456.654645,"pharmacyPaidAmount":3654.35465},"nov":{"medicalPaidAmount":9876.654645,"pharmacyPaidAmount":15963.35465},"dec":{"medicalPaidAmount":1234.654645,"pharmacyPaidAmount":368.35465}},"occupation":"service"}